Workbook

Sheet 문항목록
A1: 순번 | B1: 문항ID | C1: 단계 | D1: 난이도구간 | E1: 예상연령 | F1: 품사 | G1: 목표어휘 | H1: 오답[의미] | I1: 오답[시각] | J1: 오답[무관] | K1: 정답위치 | L1: IRT난이도 | M1: 명명일치도 | N1: 검증상태 | O1: 비고
A2: 1 | B2: N001 | C2: 1 | D2: A | E2: 2;6-3;11 | F2: 명사 | G2: 공 | H2: 풍선 | I2: 사과 | J2: 양말 | K2: 3 | N2: 미검증
A3: 2 | B3: N002 | C3: 1 | D3: A | E3: 2;6-3;11 | F3: 명사 | G3: 신발 | H3: 모자 | I3: 다리미 | J3: 나무 | K3: 1 | N3: 미검증
A4: 3 | B4: N003 | C4: 1 | D4: A | E4: 2;6-3;11 | F4: 명사 | G4: 우산 | H4: 모자 | I4: 버섯 | J4: 포크 | K4: 4 | N4: 미검증
A5: 4 | B5: N004 | C5: 1 | D5: A | E5: 2;6-3;11 | F5: 명사 | G5: 사과 | H5: 바나나 | I5: 토마토 | J5: 모자 | K5: 2 | N5: 미검증
A6: 5 | B6: N005 | C6: 1 | D6: A | E6: 2;6-3;11 | F6: 명사 | G6: 바나나 | H6: 딸기 | I6: 초승달 | J6: 의자 | K6: 1 | N6: 미검증
A7: 6 | B7: N006 | C7: 1 | D7: A | E7: 2;6-3;11 | F7: 명사 | G7: 컵 | H7: 그릇 | I7: 화분 | J7: 강아지 | K7: 4 | N7: 미검증
A8: 7 | B8: N007 | C8: 1 | D8: A | E8: 2;6-3;11 | F8: 명사 | G8: 의자 | H8: 책상 | I8: 사다리 | J8: 구름 | K8: 2 | N8: 미검증
A9: 8 | B9: N008 | C9: 1 | D9: A | E9: 2;6-3;11 | F9: 명사 | G9: 강아지 | H9: 고양이 | I9: 양 | J9: 주전자 | K9: 3 | N9: 미검증
A10: 9 | B10: N009 | C10: 1 | D10: A | E10: 2;6-3;11 | F10: 명사 | G10: 자동차 | H10: 자전거 | I10: 상자 | J10: 꽃 | K10: 4 | N10: 미검증
A11: 10 | B11: N010 | C11: 1 | D11: A | E11: 2;6-3;11 | F11: 명사 | G11: 코 | H11: 입 | I11: 단추 | J11: 숟가락 | K11: 2 | N11: 미검증
A12: 11 | B12: N011 | C12: 1 | D12: A | E12: 2;6-3;11 | F12: 명사 | G12: 양말 | H12: 장갑 | I12: 주머니 | J12: 연필 | K12: 3 | N12: 미검증
A13: 12 | B13: N012 | C13: 1 | D13: A | E13: 2;6-3;11 | F13: 명사 | G13: 나무 | H13: 꽃 | I13: 우산 | J13: 가방 | K13: 1 | N13: 미검증
... A36: 35 | B36: N022 | C36: 1 | D36: B | E36: 4;0-5;11 | F36: 명사 | G36: 목도리 | H36: 장갑 | I36: 넥타이 | J36: 자전거 | K36: 4 | N36: 미검증
A37: 36 | B37: N023 | C37: 1 | D37: B | E37: 4;0-5;11 | F37: 명사 | G37: 팔꿈치 | H37: 무릎 | I37: 어깨 | J37: 발목 | K37: 2 | N37: 미검증 | O37: 오답 3개 모두 신체부위(무관자극 미사용)
A38: 37 | B38: N024 | C38: 1 | D38: B | E38: 4;0-5;11 | F38: 명사 | G38: 옥수수 | H38: 당근 | I38: 바나나 | J38: 연필 | K38: 1 | N38: 미검증
A39: 38 | B39: N025 | C39: 1 | D39: B | E39: 4;0-5;11 | F39: 명사 | G39: 다람쥐 | H39: 토끼 | I39: 쥐 | J39: 장갑 | K39: 4 | N39: 미검증
A40: 39 | B40: N026 | C40: 1 | D40: B | E40: 4;0-5;11 | F40: 명사 | G40: 거북이 | H40: 개구리 | I40: 바위 | J40: 빗 | K40: 2 | N40: 미검증
A41: 40 | B41: N027 | C41: 1 | D41: B | E41: 4;0-5;11 | F41: 명사 | G41: 가위 | H41: 칼 | I41: 집게 | J41: 컵 | K41: 3 | N41: 미검증
A42: 41 | B42: N028 | C42: 1 | D42: B | E42: 4;0-5;11 | F42: 명사 | G42: 풍선 | H42: 연 | I42: 전구 | J42: 책 | K42: 4 | N42: 미검증
A43: 42 | B43: N029 | C43: 1 | D43: B | E43: 4;0-5;11 | F43: 명사 | G43: 지갑 | H43: 가방 | I43: 필통 | J43: 나무 | K43: 2 | N43: 미검증
A44: 43 | B44: N030 | C44: 1 | D44: B | E44: 4;0-5;11 | F44: 명사 | G44: 비행기 | H44: 헬리콥터 | I44: 새 | J44: 냄비 | K44: 3 | N44: 미검증
A45: 44 | B45: N031 | C45: 1 | D45: B | E45: 4;0-5;11 | F45: 명사 | G45: 계단 | H45: 사다리 | I45: 책장 | J45: 수박 | K45: 1 | N45: 미검증
A46: 45 | B46: N032 | C46: 1 | D46: B | E46: 4;0-5;11 | F46: 명사 | G46: 수도꼭지 | H46: 호스 | I46: 망치 | J46: 꽃 | K46: 2 | N46: 미검증
A47: 46 | B47: N033 | C47: 1 | D47: B | E47: 4;0-5;11 | F47: 명사 | G47: 장갑 | H47: 양말 | I47: 손 | J47: 빗자루 | K47: 3 | N47: 미검증
A48: 47 | B48: V011 | C48: 1 | D48: B | E48: 4;0-5;11 | F48: 동사 | G48: 자르다 | H48: 붙이다 | I48: 찢다 | J48: 접다 | K48: 1 | N48: 미검증
A49: 48 | B49: V012 | C49: 1 | D49: B | E49: 4;0-5;11 | F49: 동사 | G49: 붙이다 | H49: 떼다 | I49: 칠하다 | J49: 굴리다 | K49: 4 | N49: 미검증
... A151: 150 | B151: A020 | C151: 2 | D151: F | E151: 15;0-16;11 | F151: 형용사 | G151: 헐겁다 | H151: 빡빡하다 | I151: 늘어지다 | J151: 자욱하다 | K151: 4 | N151: 미검증

Sheet 구성요약
A1: 품사 × 난이도구간 문항 분포
A3: 난이도구간 | B3: 예상연령 | C3: 단계 | D3: 명사 | E3: 동사 | F3: 형용사 | G3: 소계
A4: A | B4: 2;6-3;11 | C4: 1 | D4: =COUNTIFS(문항목록!$D$2:$D$151,$A4,문항목록!$F$2:$F$151,"명사") -> 15 | E4: =COUNTIFS(문항목록!$D$2:$D$151,$A4,문항목록!$F$2:$F$151,"동사") -> 10 | F4: =COUNTIFS(문항목록!$D$2:$D$151,$A4,문항목록!$F$2:$F$151,"형용사") -> 3 | G4: =SUM(D4:F4) -> 28
A5: B | B5: 4;0-5;11 | C5: 1 | D5: =COUNTIFS(문항목록!$D$2:$D$151,$A5,문항목록!$F$2:$F$151,"명사") -> 18 | E5: =COUNTIFS(문항목록!$D$2:$D$151,$A5,문항목록!$F$2:$F$151,"동사") -> 12 | F5: =COUNTIFS(문항목록!$D$2:$D$151,$A5,문항목록!$F$2:$F$151,"형용사") -> 4 | G5: =SUM(D5:F5) -> 34
A6: C | B6: 6;0-8;11 | C6: 1 | D6: =COUNTIFS(문항목록!$D$2:$D$151,$A6,문항목록!$F$2:$F$151,"명사") -> 15 | E6: =COUNTIFS(문항목록!$D$2:$D$151,$A6,문항목록!$F$2:$F$151,"동사") -> 11 | F6: =COUNTIFS(문항목록!$D$2:$D$151,$A6,문항목록!$F$2:$F$151,"형용사") -> 4 | G6: =SUM(D6:F6) -> 30
A7: D | B7: 9;0-11;11 | C7: 2 | D7: =COUNTIFS(문항목록!$D$2:$D$151,$A7,문항목록!$F$2:$F$151,"명사") -> 14 | E7: =COUNTIFS(문항목록!$D$2:$D$151,$A7,문항목록!$F$2:$F$151,"동사") -> 9 | F7: =COUNTIFS(문항목록!$D$2:$D$151,$A7,문항목록!$F$2:$F$151,"형용사") -> 3 | G7: =SUM(D7:F7) -> 26
A8: E | B8: 12;0-14;11 | C8: 2 | D8: =COUNTIFS(문항목록!$D$2:$D$151,$A8,문항목록!$F$2:$F$151,"명사") -> 9 | E8: =COUNTIFS(문항목록!$D$2:$D$151,$A8,문항목록!$F$2:$F$151,"동사") -> 6 | F8: =COUNTIFS(문항목록!$D$2:$D$151,$A8,문항목록!$F$2:$F$151,"형용사") -> 3 | G8: =SUM(D8:F8) -> 18
A9: F | B9: 15;0-16;11 | C9: 2 | D9: =COUNTIFS(문항목록!$D$2:$D$151,$A9,문항목록!$F$2:$F$151,"명사") -> 7 | E9: =COUNTIFS(문항목록!$D$2:$D$151,$A9,문항목록!$F$2:$F$151,"동사") -> 4 | F9: =COUNTIFS(문항목록!$D$2:$D$151,$A9,문항목록!$F$2:$F$151,"형용사") -> 3 | G9: =SUM(D9:F9) -> 14
A10: 합계 | D10: =SUM(D4:D9) -> 78 | E10: =SUM(E4:E9) -> 52 | F10: =SUM(F4:F9) -> 20 | G10: =SUM(G4:G9) -> 150
A11: 비율 | D11: =D10/$G$10 -> 0.52 | E11: =E10/$G$10 -> 0.34666667 | F11: =F10/$G$10 -> 0.13333333
A13: REVT-R 참조 비율: 명사 53% / 동사 37% / 형용사·부사 10% (수용어휘 185문항 기준)
A14: 출처: 김영태 외(2009) 수용·표현 어휘력검사 표준화 연구, Communication Sciences & Disorders 14(1)
A16: 정답 위치 분포 (1~4 균등 배분 확인용)
A17: 위치 1 | B17: =COUNTIF(문항목록!$K$2:$K$151,1) -> 38
A18: 위치 2 | B18: =COUNTIF(문항목록!$K$2:$K$151,2) -> 37
A19: 위치 3 | B19: =COUNTIF(문항목록!$K$2:$K$151,3) -> 37
A20: 위치 4 | B20: =COUNTIF(문항목록!$K$2:$K$151,4) -> 38

Sheet 범례
A1: 항목 | B1: 설명
A2: 문항ID | B2: N=명사, V=동사, A=형용사. 한번 부여하면 영구 고정하며 폐기 문항의 번호도 재사용하지 않는다.
A3: 순번 | B3: 제시 순서. 예비조사로 난이도가 재추정되면 변경될 수 있다.
A4: 단계 | B4: 1=2;6~8;11 구간 문항(92개), 2=9;0~16;11 구간 문항(58개)
A5: 난이도구간 | B5: A~F. 예상 습득 연령대에 따른 잠정 구분이며 경험적 근거가 아니다.
A6: 오답[의미] | B6: 목표어와 같은 의미범주. 선택 시 범주 지식은 있으나 세부 어휘 지식이 부족한 것으로 해석.
A7: 오답[시각] | B7: 그림상 형태·색·윤곽이 유사. 선택 시 시지각적 추측 반응으로 해석.
A8: 오답[무관] | B8: 의미·시각 모두 무관. 선택 시 무선 반응 또는 과제 이해 실패를 시사.
A9: 정답위치 | B9: 2x2 격자에서 1=좌상, 2=우상, 3=좌하, 4=우하.
A10: IRT난이도 | B10: [입력란] 예비조사 후 문항반응이론으로 추정한 난이도 모수를 기입.
A11: 명명일치도 | B11: [입력란] 성인 20~30명 대상 자유명명 과제의 목표어휘 일치 비율(%). 기준 80% 이상.
A12: 검증상태 | B12: [입력란] 미검증 / 전문가검토완료 / 예비조사완료 / 확정 / 폐기
... A19: 경계 중복 | B19: 1단계 검사는 9;11까지, 2단계 검사는 8;0부터 적용 가능하도록 중복 구간을 둔다. 발달지체 아동에게 하위 구간을 적용해도 규준 해석이 유지된다.
